{"cameraMode":{"drawMode":0,"name":"Shaded","section":"Shading Mode"},"sceneLighting":false,"audioPlay":false,"sceneViewState":{"showFog":true,"showMaterialUpdate":true,"showSkybox":false,"showFlares":true,"showImageEffects":true,"showParticleSystems":true},"in2DMode":false,"pivot":{"x":-0.1652795374393463,"y":0.8288330435752869,"z":0.05208766460418701},"rotation":{"x":0.15836665034294129,"y":0.5769172310829163,"z":-0.11473443359136582,"w":0.7931696176528931},"size":0.4741056561470032,"orthographic":false}