{"cameraMode":{"drawMode":0,"name":"Shaded","section":"Shading Mode"},"sceneLighting":true,"audioPlay":false,"sceneViewState":{"showFog":true,"showMaterialUpdate":true,"showSkybox":true,"showFlares":true,"showImageEffects":true,"showParticleSystems":true},"in2DMode":false,"pivot":{"x":-0.8123829364776611,"y":-0.2257227897644043,"z":-26.770000457763673},"rotation":{"x":-0.02662714384496212,"y":-0.9624072313308716,"z":0.25116634368896487,"w":-0.10106854140758515},"size":5.747204303741455,"orthographic":false}