{"cameraMode":{"drawMode":0,"name":"Shaded","section":"Shading Mode"},"sceneLighting":false,"audioPlay":false,"sceneViewState":{"showFog":true,"showMaterialUpdate":true,"showSkybox":false,"showFlares":true,"showImageEffects":true,"showParticleSystems":true},"in2DMode":false,"pivot":{"x":0.8916780352592468,"y":2.681591272354126,"z":-2.944411516189575},"rotation":{"x":-0.23719561100006104,"y":-0.6689327955245972,"z":0.23950359225273133,"w":-0.6625156998634338},"size":9.239188194274903,"orthographic":false}