{"cameraMode":{"drawMode":0,"name":"Shaded","section":"Shading Mode"},"sceneLighting":false,"audioPlay":false,"sceneViewState":{"showFog":true,"showMaterialUpdate":true,"showSkybox":false,"showFlares":true,"showImageEffects":true,"showParticleSystems":true},"in2DMode":false,"pivot":{"x":-0.47932934761047366,"y":4.106030464172363,"z":-2.846559524536133},"rotation":{"x":0.051350127905607226,"y":0.4423207938671112,"z":-0.0253765732049942,"w":0.8950282335281372},"size":3.1899852752685549,"orthographic":false}