{"cameraMode":{"drawMode":0,"name":"Shaded","section":"Shading Mode"},"sceneLighting":true,"audioPlay":false,"sceneViewState":{"showFog":true,"showMaterialUpdate":false,"showSkybox":true,"showFlares":true,"showImageEffects":true,"showParticleSystems":true},"in2DMode":false,"pivot":{"x":-1.5607719421386719,"y":2.7571725845336916,"z":-1.5451234579086304},"rotation":{"x":-0.24058187007904054,"y":-0.646144688129425,"z":0.22588613629341126,"w":-0.6881840229034424},"size":10.0,"orthographic":true}