{"cameraMode":{"drawMode":0,"name":"Shaded","section":"Shading Mode"},"sceneLighting":false,"audioPlay":false,"sceneViewState":{"showFog":true,"showMaterialUpdate":true,"showSkybox":false,"showFlares":true,"showImageEffects":true,"showParticleSystems":true},"in2DMode":false,"pivot":{"x":0.47731590270996096,"y":10.718205451965332,"z":2.0560693740844728},"rotation":{"x":0.051350127905607226,"y":0.4423207938671112,"z":-0.0253765732049942,"w":0.8950282335281372},"size":21.54895782470703,"orthographic":false}