{"cameraMode":{"drawMode":0,"name":"Shaded","section":"Shading Mode"},"sceneLighting":true,"audioPlay":false,"sceneViewState":{"showFog":true,"showMaterialUpdate":true,"showSkybox":true,"showFlares":true,"showImageEffects":true,"showParticleSystems":true},"in2DMode":false,"pivot":{"x":-7.539999961853027,"y":14.819999694824219,"z":-0.5400000214576721},"rotation":{"x":0.19764699041843415,"y":0.42045092582702639,"z":-0.09437492489814758,"w":0.8805027604103088},"size":10.0,"orthographic":false}