{"cameraMode":{"drawMode":0,"name":"Shaded","section":"Shading Mode"},"sceneLighting":false,"audioPlay":false,"sceneViewState":{"showFog":true,"showMaterialUpdate":true,"showSkybox":false,"showFlares":true,"showImageEffects":true,"showParticleSystems":true},"in2DMode":false,"pivot":{"x":11.709846496582032,"y":-0.9391399621963501,"z":2.293112277984619},"rotation":{"x":0.10900476574897766,"y":0.6624544858932495,"z":-0.09829601645469666,"w":0.7345882654190064},"size":17.298297882080079,"orthographic":false}