{"cameraMode":{"drawMode":0,"name":"Shaded","section":"Shading Mode"},"sceneLighting":false,"audioPlay":false,"sceneViewState":{"showFog":true,"showMaterialUpdate":true,"showSkybox":false,"showFlares":true,"showImageEffects":true,"showParticleSystems":true},"in2DMode":false,"pivot":{"x":4.953768253326416,"y":3.4663100242614748,"z":-1.9403891563415528},"rotation":{"x":-0.16661934554576875,"y":-0.7080305218696594,"z":0.1780204474925995,"w":-0.6627720594406128},"size":9.653298377990723,"orthographic":false}