{"cameraMode":{"drawMode":0,"name":"Shaded","section":"Shading Mode"},"sceneLighting":false,"audioPlay":false,"sceneViewState":{"showFog":true,"showMaterialUpdate":true,"showSkybox":false,"showFlares":true,"showImageEffects":true,"showParticleSystems":true},"in2DMode":false,"pivot":{"x":0.47731590270996096,"y":10.718205451965332,"z":2.0560693740844728},"rotation":{"x":0.11701546609401703,"y":0.47600579261779787,"z":-0.06407679617404938,"w":0.8692659139633179},"size":21.54895782470703,"orthographic":false}