{"cameraMode":{"drawMode":0,"name":"Shaded","section":"Shading Mode"},"sceneLighting":false,"audioPlay":false,"sceneViewState":{"showFog":true,"showMaterialUpdate":true,"showSkybox":false,"showFlares":true,"showImageEffects":true,"showParticleSystems":true},"in2DMode":false,"pivot":{"x":2.1000607013702394,"y":-0.010999977588653565,"z":-23.49167823791504},"rotation":{"x":0.15836665034294129,"y":0.5769172310829163,"z":-0.11473443359136582,"w":0.7931696176528931},"size":0.5240218639373779,"orthographic":false}