{"cameraMode":{"drawMode":0,"name":"Shaded","section":"Shading Mode"},"sceneLighting":true,"audioPlay":false,"sceneViewState":{"showFog":true,"showMaterialUpdate":true,"showSkybox":true,"showFlares":true,"showImageEffects":true,"showParticleSystems":true},"in2DMode":false,"pivot":{"x":0.0000020845961898885436,"y":4.402335166931152,"z":-9.701419685370639e-7},"rotation":{"x":0.25041043758392336,"y":0.654060959815979,"z":-0.2441835254430771,"w":0.6707369089126587},"size":10.0,"orthographic":false}