{"cameraMode":{"drawMode":0,"name":"Shaded","section":"Shading Mode"},"sceneLighting":true,"audioPlay":false,"sceneViewState":{"showFog":true,"showMaterialUpdate":true,"showSkybox":true,"showFlares":true,"showImageEffects":true,"showParticleSystems":true},"in2DMode":false,"pivot":{"x":1265.4793701171875,"y":-258.33575439453127,"z":-128.69192504882813},"rotation":{"x":0.06760211288928986,"y":0.7370767593383789,"z":-0.07455515116453171,"w":0.6682822108268738},"size":653.544921875,"orthographic":false}