{"cameraMode":{"drawMode":0,"name":"Shaded","section":"Shading Mode"},"sceneLighting":true,"audioPlay":false,"sceneViewState":{"showFog":true,"showMaterialUpdate":true,"showSkybox":true,"showFlares":true,"showImageEffects":true,"showParticleSystems":true},"in2DMode":false,"pivot":{"x":-7.539999961853027,"y":14.819999694824219,"z":-0.5400000214576721},"rotation":{"x":0.14386175572872163,"y":0.5514956712722778,"z":-0.09687650948762894,"w":0.8160301446914673},"size":10.0,"orthographic":false}