{"cameraMode":{"drawMode":0,"name":"Shaded","section":"Shading Mode"},"sceneLighting":false,"audioPlay":false,"sceneViewState":{"showFog":true,"showMaterialUpdate":true,"showSkybox":false,"showFlares":true,"showImageEffects":true,"showParticleSystems":true},"in2DMode":false,"pivot":{"x":-4.022860527038574,"y":2.058810234069824,"z":3.2393903732299806},"rotation":{"x":0.20437903702259065,"y":0.759082019329071,"z":-0.28209689259529116,"w":0.5499624013900757},"size":9.096728324890137,"orthographic":false}