{"cameraMode":{"drawMode":0,"name":"Shaded","section":"Shading Mode"},"sceneLighting":true,"audioPlay":false,"sceneViewState":{"showFog":true,"showMaterialUpdate":false,"showSkybox":true,"showFlares":true,"showImageEffects":true,"showParticleSystems":true},"in2DMode":false,"pivot":{"x":-2.3371334075927736,"y":2.3251404762268068,"z":-0.5674291849136353},"rotation":{"x":-0.12670432031154633,"y":-0.6905994415283203,"z":0.12481872737407685,"w":-0.7010306119918823},"size":14.192208290100098,"orthographic":true}