{"cameraMode":{"drawMode":0,"name":"Shaded","section":"Shading Mode"},"sceneLighting":false,"audioPlay":false,"sceneViewState":{"showFog":true,"showMaterialUpdate":false,"showSkybox":false,"showFlares":true,"showImageEffects":true,"showParticleSystems":true},"in2DMode":false,"pivot":{"x":53.34419631958008,"y":-16.922414779663087,"z":15.413662910461426},"rotation":{"x":-0.09449265152215958,"y":-0.7515918016433716,"z":0.11037284880876541,"w":-0.643435001373291},"size":28.53765296936035,"orthographic":false}