{"cameraMode":{"drawMode":0,"name":"Shaded","section":"Shading Mode"},"sceneLighting":false,"audioPlay":false,"sceneViewState":{"showFog":true,"showMaterialUpdate":false,"showSkybox":false,"showFlares":true,"showImageEffects":true,"showParticleSystems":true},"in2DMode":false,"pivot":{"x":46.21351623535156,"y":-10.939562797546387,"z":-22.33738136291504},"rotation":{"x":-0.0757964625954628,"y":-0.7088301777839661,"z":0.07707393169403076,"w":-0.6970532536506653},"size":25.007448196411134,"orthographic":false}